Mario Basler;51;770;6;7705219;493;1.74;113;95;122;38547;0;121;262;Interior derecho
Youri Djorkaeff;52;861;7;11619519;562;1.64;174;38;53;43078;0;187;189;Mediocentro ofensivo
Dimitrios Grammozis;41;548;10;38345439;368;1.38;16;26;143;27401;0;117;143;Pivote
Marian Hristov;46;328;7;31954646;206;1.40;34;27;79;16443;0;182;163;Pivote
Miroslav Klose;41;960;2;11843910;668;1.73;259;134;102;48010;0;171;307;Delantero centro
Harry Koch;50;672;9;42134158;411;1.51;43;9;64;33608;0;272;187;Defensa central
Hany Ramzy;51;658;7;14963946;392;1.53;28;8;102;32921;0;166;228;Defensa central
Marco Reich;42;413;3;35456984;396;1.51;46;29;45;20657;0;147;143;Interior izquierdo
Michael Schjonberg;53;481;9;9338353;284;1.57;32;5;66;24066;0;139;119;Defensa central
Jeff Strasser;45;586;4;45469795;395;1.43;15;14;110;29313;0;125;194;Defensa central
Murat Yakin;45;568;10;17516033;341;1.88;54;14;93;28406;0;143;200;Defensa central
Miroslav Baranek;46;260;10;27700510;191;1.34;20;13;65;13000;0;78;107;Mediocentro ofensivo
Thomas Cichon;43;620;1;40622900;399;1.36;25;6;147;31027;0;230;167;Defensa central
Georgi Donkov;49;361;8;44437703;287;1.51;69;9;84;18063;0;88;80;Delantero centro
Marcel Gebhardt;40;374;2;18818436;261;1.48;51;5;32;18712;0;208;152;Medio campo
Ivica Grlic;44;613;1;33074211;389;1.48;57;34;150;30665;0;182;300;Pivote
Ralf Hauptmann;51;576;7;47175836;363;1.42;13;17;83;28820;0;198;205;Pivote
Markus Kreuz;43;616;6;42223622;412;1.48;45;37;37;30839;0;91;166;Mediocentro
Markus Kurth;46;717;4;41494282;521;1.61;114;33;66;35866;0;131;220;Delantero centro
Dirk Lottner;48;799;8;44447224;487;1.40;108;47;100;39975;0;244;301;Mediocentro ofensivo
Alassane Ouedraogo;39;424;8;44874846;340;1.41;44;21;26;21223;0;74;70;Interior derecho
Matthias Scherz;48;550;2;22537099;421;1.43;92;33;118;27516;0;291;209;Delantero centro
Moses Sichone;42;498;10;38977237;300;1.42;10;4;97;24932;0;122;126;Defensa central
Christian Springer;48;478;9;38252379;318;1.40;40;16;61;23912;0;220;163;Interior izquierdo
Christian Timm;41;469;4;19592037;335;1.34;79;33;42;23479;0;85;134;Extremo derecho
Alexander Voigt;42;671;5;15396871;415;1.46;21;19;137;33594;0;208;209;Lateral izquierdo
Claus-Dieter Wollitz;54;686;9;47607195;416;1.27;90;9;78;34314;0;150;284;Mediocentro ofensivo
Thomas Berthold;55;946;7;20336772;542;1.42;33;7;157;47306;0;225;332;Defensa central
Raphael Wicky;43;667;3;27357650;427;1.60;14;11;81;33384;0;164;218;Pivote
Timo Rost;41;549;1;10772080;369;1.46;24;20;104;27451;0;226;145;Pivote
Marko Babic;39;357;1;29980859;295;1.48;35;30;52;17876;0;191;152;Interior izquierdo
Michael Ballack;43;948;5;33081867;604;1.97;151;94;219;47438;0;167;267;Mediocentro
Stefan Beinlich;48;767;2;42263007;470;1.70;106;71;80;38385;0;144;288;Mediocentro ofensivo
Thomas Brdaric;45;417;1;41500620;364;1.40;92;29;72;20863;0;126;204;Delantero centro
Markus Daun;39;293;5;33765069;254;1.39;69;17;56;14695;0;73;88;Delantero centro
Anel Dzaka;39;588;7;47370033;385;1.29;75;22;144;29417;0;209;130;Mediocentro ofensivo
Emerson;44;665;7;45599306;424;1.88;43;26;93;33257;0;145;199;Pivote
Vratislav Gresko;42;392;2;12431858;259;1.66;10;14;59;19615;0;82;58;Lateral izquierdo
Ulf Kirsten;54;1003;5;49629333;626;1.73;305;52;171;50174;0;446;350;Delantero centro
Robert Kovac;46;904;6;49324234;546;1.84;17;11;171;45221;0;162;247;Defensa central
Diego Placente;43;549;5;39882423;333;1.48;4;14;122;27452;0;171;123;Lateral izquierdo
Lucio;41;961;7;17046224;545;1.86;41;28;108;48064;0;218;236;Defensa central
Jens Nowotny;46;745;7;19460328;434;1.75;15;24;135;37264;0;297;336;Libero
Robson Ponte;43;552;5;25872461;376;1.70;72;90;109;27613;0;197;144;Mediocentro ofensivo
Carsten Ramelow;46;926;2;30532619;543;1.63;50;33;158;46339;0;437;333;Pivote
Jorg Reeb;48;617;4;15032108;379;1.41;39;10;42;30857;0;102;137;Pivote
Bernd Schneider;46;932;4;21492405;582;1.58;80;88;91;46627;0;366;296;Interior derecho
Miroslaw Spizak;41;358;7;13670122;282;1.17;45;15;39;17922;0;67;191;Delantero centro
Boris Zivkovic;44;485;10;29367781;317;1.60;14;10;84;24280;0;211;175;Lateral derecho
Otto Addo;44;470;2;15255431;326;1.56;41;18;75;23543;0;101;129;Mediocentro ofensivo
Fredi Bobic;48;654;3;45653500;430;1.42;162;37;88;32711;0;182;285;Delantero centro
Conor Casey;38;425;9;13113966;328;1.35;115;29;104;21286;0.43529411764705883;123;195;Delantero centro
Ded�;42;842;7;33610465;498;1.60;18;70;97;42131;0;398;322;Lateral izquierdo
Evanilson;44;291;5;43639973;180;1.57;5;27;61;14575;0;170;126;Lateral derecho
Bashiru Gambo;41;450;1;35637051;339;1.36;50;3;76;22505;0;125;90;Medio campo
Jorg Heinrich;50;879;10;45036030;519;1.61;72;46;82;43951;0;195;205;Lateral izquierdo
Heiko Herrlich;48;411;6;42305141;350;1.56;103;24;89;20566;0.5190839694656488;183;257;Delantero centro
Andreas Moller;52;1063;4;41547049;627;1.75;170;136;110;53199;0;301;429;Mediocentro ofensivo
Christian Nerlinger;47;463;9;22730189;302;1.85;44;22;74;23163;0;207;224;Pivote
Alfred Nijhuis;54;681;3;5190727;409;1.54;39;2;67;34087;0;190;182;Defensa central
Sunday Oliseh;45;499;3;33751273;308;1.60;19;21;97;24951;0;76;139;Pivote
Stefan Reuter;53;1253;9;12206424;720;1.75;38;48;160;62662;0;421;502;Interior derecho
Lars Ricken;43;621;3;26137301;458;1.60;83;74;65;31064;0;407;302;Mediocentro ofensivo
Tomas Rosicky;39;657;7;48715610;472;1.75;57;70;69;32855;0;246;170;Mediocentro ofensivo
Jorg Sauerland;43;274;5;18528374;168;1.26;6;-;22;13705;0;87;92;Lateral izquierdo
Miroslav Stevic;50;552;5;8434333;372;1.51;20;47;100;27606;0;121;271;Pivote
Christian Worns;47;1141;7;17177814;651;1.53;35;16;143;57057;0;303;469;Defensa central
Nicolas Baeza;22;79;5;25531053;49;1.22;2;2;9;3979;0;41;48;Lateral izquierdo
Jaime Valdes;39;706;1;33307169;562;1.39;68;66;118;35323;0;136;183;Mediocentro
Alexander Klitzpera;42;691;4;28492838;413;1.42;27;9;87;34568;0;187;232;Defensa central
David Llanos;30;211;7;22554095;186;1.34;47;23;12;10571;0;85;43;Delantero centro
Bruno Labbadia;54;974;5;12001742;621;1.50;241;45;73;48718;0.4811320754716981;109;328;Delantero centro
Silvio Mei�ner;47;767;2;48559628;509;1.51;108;9;145;38396;0;232;250;Pivote
Rene Rydlewicz;46;536;9;36313860;405;1.39;46;56;108;26808;0;216;278;Interior derecho
Roberto Straal;53;388;10;10666811;252;1.52;15;1;58;19410;0;133;200;Defensa
Dirk van der Ven;50;381;5;11891947;290;1.30;61;11;43;19091;0;83;150;Delantero centro
Markus Weissenberger;45;726;2;17124950;514;1.45;94;50;55;36300;0;163;152;Mediocentro ofensivo
Artur Wichniarek;43;509;1;46633166;356;1.20;124;25;50;25488;0;216;215;Delantero centro
Bruno Akrapovic;52;993;7;28099072;577;1.53;18;8;121;49676;0;103;226;Pivote
Steffen Heidrich;52;800;8;49163105;501;1.50;148;2;170;40035;0;219;201;Mediocentro ofensivo
Sebastian Helbig;43;530;7;32528465;428;1.46;79;12;167;26512;0;116;146;Delantero centro
Andrzej Kobylanski;49;412;8;34784002;294;1.22;51;13;43;20618;0;94;154;Interior izquierdo
Antun Labak;49;278;8;16529972;245;1.37;53;11;61;13947;0;131;187;Delantero centro
Kevin McKenna;40;362;7;33159713;253;1.47;25;6;59;18116;0;153;112;Defensa central
Laurentiu Reghecampf;44;406;2;38397627;269;1.33;41;51;61;20329;0;142;118;Interior derecho
Rudi Vata;51;203;5;9379410;123;1.38;6;-;44;10167;0;87;58;Lateral derecho
Markus Babbel;47;826;3;18050817;488;1.83;29;15;79;41319;0;261;288;Defensa central
Sebastian Backer;39;275;9;8878834;170;1.25;12;-;18;13757;0;71;71;Defensa
Emanuel Bentil;41;80;8;37390492;61;1.30;9;-;24;4041;0;40;40;Mediocentro ofensivo
Antonio di Salvo;40;400;9;30029634;308;1.29;89;18;38;20025;0;120;100;Delantero centro
Stefan Effenberg;51;924;5;32213136;535;1.65;107;94;203;46212;0;234;370;Mediocentro
Nicolas Baeza;22;79;3;30438844;49;1.22;2;2;9;3979;0;41;48;Lateral izquierdo
Nicolas Baeza;22;79;3;30438844;49;1.22;2;2;9;3979;0;41;48;Lateral izquierdo
Giovane Elber;47;773;9;41895048;496;1.87;259;81;92;38651;0;266;260;Delantero centro
Thorsten Fink;52;1085;9;31368203;678;1.70;71;27;149;54282;0;236;367;Pivote
Enzo Ruiz;31;173;9;49690320;109;1.44;7;9;24;8650;0;26;24;Pivote
Enzo Ruiz;31;173;9;49690320;109;1.44;7;9;24;8650;0;26;24;Pivote
Berkant Goktan;39;237;6;48467312;186;1.44;60;8;27;11883;0;53;57;Delantero centro
Jaime Valdes;39;706;9;23640395;562;1.39;68;66;118;35323;0;136;183;Mediocentro
Jaime Valdes;39;706;9;23640395;562;1.39;68;66;118;35323;0;136;183;Mediocentro
Carsten Jancker;45;523;9;41853888;441;1.74;134;59;83;26187;0;225;178;Delantero centro
Jens Jeremies;46;509;1;9348135;344;1.92;17;17;126;25493;0;248;251;Pivote
David Llanos;30;211;1;28935716;186;1.34;47;23;12;10571;0;85;43;Delantero centro
David Llanos;30;211;1;28935716;186;1.34;47;23;12;10571;0;85;43;Delantero centro
Nils-Eric Johansson;40;1108;3;29114021;647;1.61;27;27;152;55404;0;366;296;Lateral izquierdo
Samuel Kuffour;43;652;4;47426684;390;1.90;17;5;91;32623;0;277;175;Defensa central
Thomas Linke;50;1083;3;17246780;638;1.67;28;12;100;54192;0;249;341;Defensa central
Bixente Lizarazu;50;855;9;24700901;517;1.92;35;24;120;42794;0;273;188;Lateral izquierdo
Hasan Salihamidzic;43;848;10;39083210;602;1.80;86;75;133;42446;0;365;321;Interior derecho
Mehmet Scholl;49;694;10;20831892;532;1.86;129;120;70;34745;0;469;392;Mediocentro ofensivo
Ciriaco Sforza;50;957;4;25530997;590;1.78;56;62;90;47893;0;231;265;Mediocentro
Michael Tarnat;50;995;2;42354580;610;1.69;51;62;148;49787;0;199;363;Lateral izquierdo
Alexander Zickler;46;651;3;49123177;545;1.85;149;50;63;32582;0;308;232;Delantero centro
Victor Agali;41;422;10;29201475;314;1.25;72;32;118;21138;0;96;143;Delantero centro
Abdelaziz Ahanfouf;42;234;10;33592768;220;1.38;69;11;61;11740;0;95;122;Delantero centro
Steffen Baumgart;48;629;1;42696238;485;1.31;96;30;58;31453;0;194;224;Delantero centro
Christian Brand;47;445;1;25152460;328;1.40;64;13;58;22261;0;73;108;Mediocentro ofensivo
Uwe Ehlers;45;421;3;9236474;305;1.39;13;3;51;21086;0;120;121;Defensa central
Timo Lange;52;722;4;13866724;468;1.45;53;7;103;36139;0;290;165;Lateral derecho
Marcus Lantz;44;666;10;30939809;391;1.42;21;26;123;33309;0;176;164;Mediocentro
Slawomir Majak;51;204;3;28909676;149;1.21;23;4;30;10234;0;117;108;Extremo izquierdo
Kai Oswald;42;272;3;10221127;170;1.30;5;-;59;13600;0;68;73;Defensa central
Nicolas Baeza;22;79;7;30198729;49;1.22;2;2;9;3979;0;41;48;Lateral izquierdo
Rene Schneider;47;289;7;21884646;184;1.60;26;1;42;14484;0;77;53;Defensa central
Enzo Ruiz;31;173;3;24929192;109;1.44;7;9;24;8650;0;26;24;Pivote
Hilmar Weilandt;53;582;3;43936693;374;1.44;17;7;46;29113;0;374;160;Pivote
Jaime Valdes;39;706;10;49851066;562;1.39;68;66;118;35323;0;136;183;Mediocentro
Marco Zallmann;52;562;5;20782297;347;1.31;20;3;80;28145;0;216;112;Libero
Sven Benken;50;582;7;28187004;349;1.42;38;2;100;29115;0;103;93;Defensa central
Andreas Jakobsson;47;347;6;5300464;201;1.24;15;7;11;17366;0;104;99;Defensa central
David Llanos;30;211;10;19295636;186;1.34;47;23;12;10571;0;85;43;Delantero centro
Gerald Asamoah;41;734;1;45025014;577;1.70;112;65;130;36710;0;381;323;Delantero centro
Jorg Bohme;46;475;10;42468870;331;1.39;46;63;133;23752;0;131;232;Interior izquierdo
Tamas Hajnal;39;668;1;13693874;460;1.56;104;75;79;33446;0;122;149;Mediocentro ofensivo
Markus Happe;48;855;6;22401138;504;1.59;19;17;58;42779;0;238;216;Defensa central
Sven Kmetsch;49;512;9;45740774;319;1.43;19;14;83;25609;0;115;261;Pivote
Thorsten Legat;51;469;2;10207991;314;1.46;21;33;46;23481;0;118;243;Interior izquierdo
Christian Mikolajczak;38;610;2;11593839;435;1.44;33;39;77;30508;0;92;152;Pivote
Youri Mulder;51;403;6;8347983;276;1.50;70;30;52;20155;0;202;177;Delantero centro
Jiri Nemec;53;640;9;39436753;381;1.48;11;20;146;32041;0;307;256;Pivote
Niels Oude Kamphuis;42;525;2;43309594;329;1.59;16;33;49;26270;0;173;146;Pivote
Sergio da Silva Pinto;39;720;5;5225934;472;1.53;79;48;163;36046;0;193;212;Mediocentro
Olaf Thon;53;931;4;23738291;560;1.56;117;56;98;46573;0;383;443;Mediocentro
Marco van Hoogdalem;47;638;8;15206308;408;1.58;29;7;60;31919;0;193;198;Defensa central
Nico Van Kerckhoven;49;694;5;41608684;403;1.48;20;19;83;34716;0;164;198;Lateral izquierdo
Tomasz Waldoch;48;597;10;36788453;342;1.56;22;3;113;29851;0;184;249;Defensa central
Marc Wilmots;51;362;8;7405504;240;1.54;57;19;28;18116;0;178;138;Mediocentro ofensivo
Christof Babatz;45;503;2;12479705;354;1.46;37;25;76;25197;0;172;158;Pivote
Sergej Barbarez;48;808;6;10758951;521;1.59;162;79;175;40444;0;216;330;Mediapunta
Marinus Bester;51;501;5;16669084;331;1.51;179;3;81;25064;0;80;158;Delantero centro
Rodolfo Cardoso;51;611;5;48650387;386;1.47;67;47;48;30579;0;137;220;Mediocentro ofensivo
Fabian Ernst;40;1079;2;35892460;660;1.82;34;46;195;53977;0;195;306;Pivote
Andreas Fischer;55;662;8;37299376;414;1.54;34;27;83;33133;0;179;303;Pivote
Thomas Gravesen;44;478;10;38137265;320;1.54;25;11;100;23918;0;164;149;Pivote
Martin Groth;50;663;2;24630125;431;1.39;48;27;28;33197;0;216;188;Interior derecho
Marek Heinz;42;431;3;26610785;338;1.36;70;28;59;21572;0;65;90;Delantero centro
Bernd Hollerbach;50;606;2;20913023;393;1.46;15;25;198;30338;0;224;223;Lateral izquierdo
Nico-Jan Hoogma;51;773;8;15944884;440;1.46;36;9;99;38685;0;207;209;Defensa central
Niko Kovac;48;847;9;26633716;553;1.65;60;29;178;42372;0;242;241;Pivote
Benjamin Kruse;41;288;1;11718141;173;1.28;2;1;64;14439;0;57;57;Defensa
Mehdi Mahdavikia;42;525;1;8374388;363;1.44;40;70;32;26264;0;263;255;Lateral derecho
Andrej Panadic;51;576;5;23639404;327;1.48;19;5;58;28845;0;121;110;Defensa central
Roy Prager;48;698;6;11380410;458;1.35;89;19;128;34940;0;166;173;Delantero centro
Stig Tofting;50;398;3;39139678;274;1.16;17;18;52;19903;0;82;125;Pivote
Tomas Ujfalusi;42;812;2;36346010;458;1.65;7;15;98;40649;0;149;123;Defensa central
Anthony Yeboah;53;670;2;23964028;405;1.60;184;42;46;33525;0;156;223;Delantero centro
Mahmut Yilmaz;40;288;7;6348120;196;1.39;56;4;32;14405;0;121;94;Delantero centro
Nicolas Baeza;22;79;5;5476789;49;1.22;2;2;9;3979;0;41;48;Lateral izquierdo
Pal Dardai;44;568;7;27667792;404;1.56;27;17;74;28401;0;373;286;Pivote
Sebastian Deisler;40;253;5;10640817;195;1.82;25;37;49;12650;0;90;135;Interior derecho
Michael Hartmann;45;625;8;11454424;400;1.65;31;31;68;31257;0;289;167;Interior izquierdo
Konstantinos Konstantinidis;47;584;3;28965217;372;1.55;27;4;162;29205;0;105;218;Defensa central
Rob Maas;50;672;6;13277548;428;1.47;19;10;113;33600;0;105;240;Pivote
Nicolas Baeza;22;79;3;38947803;49;1.22;2;2;9;3979;0;41;48;Lateral izquierdo
Kai Michalke;44;381;9;11043387;321;1.31;47;31;55;19063;0;138;158;Extremo izquierdo
Enzo Ruiz;31;173;7;10099679;109;1.44;7;9;24;8650;0;26;24;Pivote
Andreas Neuendorf;45;451;9;13132673;434;1.47;37;38;215;22582;0;196;198;Mediocentro
Jaime Valdes;39;706;10;13428855;562;1.39;68;66;118;35323;0;136;183;Mediocentro
Marko Rehmer;48;585;9;6355718;368;1.58;28;9;43;29286;0;138;225;Lateral derecho
David Llanos;30;211;2;40202013;186;1.34;47;23;12;10571;0;85;43;Delantero centro
Josip Simunic;42;747;3;46829511;443;1.75;12;11;152;37361;0;275;271;Defensa central
Andreas Thom;54;783;8;29676809;470;1.74;155;56;38;39158;0;199;212;Delantero centro
Dick Van Burik;46;630;6;29127288;400;1.52;14;5;96;31525;0;298;245;Defensa central
Sixten Veit;50;409;7;39978781;276;1.55;31;6;84;20464;0;133;140;Pivote
Dariusz Wosz;50;1006;4;42029199;607;1.48;79;98;150;50344;0;378;324;Mediocentro ofensivo
Alexander Bugera;41;689;5;14016542;434;1.48;44;43;87;34452;0;163;199;Lateral izquierdo
Mike Buskens;52;769;4;24435706;470;1.44;40;19;81;38490;0;302;370;Interior izquierdo
Sercan Guvenisik;40;439;10;40662088;327;1.52;99;21;52;21961;0;87;93;Delantero centro
Tomasz Hajto;47;651;2;37326389;390;1.41;23;26;193;32582;0;141;201;Defensa central
Ralf Keidel;43;608;9;7933916;396;1.47;22;19;242;30405;0;117;191;Lateral derecho
Marijan Kovacevic;46;598;5;30290299;376;1.38;31;1;114;29942;0;115;119;Defensa central
Jorg Neun;53;791;10;36876652;467;1.40;21;33;109;39583;0;293;356;Lateral izquierdo
Peter Schyrba;39;720;1;28726865;411;1.42;22;6;73;36044;0;141;141;Defensa central
Soren Seidel;47;586;4;28774955;395;1.60;157;8;31;29340;0;59;85;Mediocentro
Horst Steffen;51;530;4;47283015;318;1.29;28;12;37;26539;0;199;207;Mediocentro
Rainer Torres;40;433;8;10936696;308;1.58;15;17;34;21699;0;195;85;Pivote
Torsten Wohlert;54;740;6;9878133;426;1.36;30;6;188;37008;0;262;199;Defensa central
Michael Zeyer;51;843;10;44524697;549;1.38;54;17;49;42150;0;211;269;Mediocentro
Zoubaier Baya;48;278;8;25681344;169;1.64;26;27;34;13946;0;123;85;Mediocentro ofensivo
Soumaila Coulibaly;42;424;10;26852046;277;1.38;46;22;31;21234;0;234;132;Mediocentro ofensivo
Boubacar Diarra;40;481;7;8709691;317;1.48;3;1;81;24076;0;250;153;Defensa central
Regis Dorn;40;285;7;15259170;249;1.23;68;22;40;14256;0.3508771929824561;84;79;Delantero centro
Alexander Iashvili;42;885;7;44836678;567;1.43;112;111;76;44254;0;280;239;Mediapunta
Laszlo Kanyuk;41;227;3;44919425;194;1.50;28;6;29;11380;0;69;129;Mediocentro ofensivo
Sebastian Kehl;40;716;10;26476819;454;1.77;33;40;116;35849;0;362;314;Pivote
Levan Kobiashvili;42;943;9;15948918;566;1.60;66;54;130;47156;0;233;351;Interior izquierdo
Ralf Kohl;54;377;4;34833146;248;1.46;16;12;54;18866;0;246;147;Interior derecho
Oumar Konde;40;461;2;7552875;308;1.33;9;3;121;23060;0;129;89;Defensa central
Steffen Korell;48;547;1;6004780;345;1.38;14;5;131;27359;0;138;164;Libero
Daniel Schumann;43;363;1;26313650;249;1.43;5;1;51;18151;0;116;84;Defensa central
Levan Tskitishvili;43;329;3;29163019;221;1.33;16;12;29;16479;0;160;127;Interior izquierdo
Tobias Willi;40;316;7;19737329;236;1.25;4;19;54;15844;0;133;155;Lateral derecho
Ferydoon Zandi;41;385;10;43723063;269;1.40;61;24;46;19260;0;62;62;Mediocentro ofensivo
Andreas Zeyer;51;825;10;18021256;521;1.40;52;19;80;41264;0;441;276;Pivote
Erol Bulut;45;496;7;17174434;334;1.87;23;29;90;24836;0;133;137;Lateral izquierdo
Sasa Ciric;52;407;9;43666126;273;1.44;121;10;24;20391;0.6666666666666666;99;85;Delantero centro
Ralf Schmitt;43;209;7;39141130;182;1.42;64;10;26;10457;0.8;55;72;Delantero centro
Thomas Sobotzik;45;534;1;46569410;370;1.26;53;35;73;26742;0;104;135;Mediocentro ofensivo
Uwe Bindewald;51;777;1;31923592;475;1.59;9;3;96;38851;0;442;263;Defensa central
Marco Gebhardt;47;718;9;5361064;503;1.36;74;54;83;35933;0;119;141;Interior izquierdo
Rolf-Christel Guie-Mien;42;618;9;39434225;444;1.50;75;34;63;30922;0;105;180;Extremo derecho
Petar Hubchev;56;394;3;37774976;232;1.42;4;5;58;19742;0;111;128;Libero
Torsten Kracht;52;927;7;49520819;535;1.36;32;8;220;46363;0;260;168;Defensa central
Nicolas Baeza;22;79;4;22757904;49;1.22;2;2;9;3979;0;41;48;Lateral izquierdo
Enzo Ruiz;31;173;4;11203296;109;1.44;7;9;24;8650;0;26;24;Pivote
Jaime Valdes;39;706;4;23925776;562;1.39;68;66;118;35323;0;136;183;Mediocentro
David Llanos;30;211;9;35060560;186;1.34;47;23;12;10571;0;85;43;Delantero centro
Alexander Schur;48;504;1;18321454;308;1.32;24;17;202;25227;0;251;149;Pivote
Chen Yang;46;167;2;42751464;126;1.33;28;20;26;8364;0;99;65;Delantero centro
Pavel Kuka;51;448;7;22483921;311;1.71;102;33;38;22420;0;145;144;Delantero centro
Guido Gorges;46;337;3;42669826;229;1.41;17;3;87;16850;0;47;83;Defensa central
Sascha Rosler;42;675;6;31817350;471;1.57;116;68;171;33755;0;152;308;Mediapunta
Rainer Scharinger;53;312;5;11074270;222;1.27;37;1;39;15648;0;66;110;indeterminado
Dragan Trkulja;55;294;9;43695478;197;1.61;100;3;60;14731;0.5;197;126;Delantero centro
Hans van de Haar;45;519;5;42042872;366;1.13;93;25;85;25985;0;92;195;Delantero centro
Ivica Banovic;39;654;9;19825514;466;1.46;52;49;130;32709;0;92;160;Pivote
Frank Baumann;44;850;8;14568665;498;1.68;32;22;114;42527;0;360;290;Pivote
Christoph Dabrowski;41;683;5;10945910;469;1.42;39;20;132;34170;0;208;273;Pivote
Dieter Eilts;55;1121;5;13141956;650;1.66;52;31;105;56069;0;516;390;Pivote
Dirk Flock;47;539;8;40854449;385;1.24;52;16;39;26971;0;193;137;Interior derecho
Dieter Frey;47;269;9;47328683;187;1.48;13;8;56;13485;0;61;128;Pivote
Torsten Frings;43;1075;9;25552411;662;1.65;85;82;183;53757;0;449;402;Pivote
Andreas Herzog;51;888;4;25728440;568;1.62;120;98;147;44403;0;307;264;Mediocentro ofensivo
Claudio Pizarro;41;880;6;21600794;692;1.81;281;111;79;44027;0;327;487;Delantero centro
Razundara Tjikuzu;40;504;5;49103790;312;1.25;24;17;64;25219;0;82;140;Pivote
Mladen Krstajic;46;692;2;23161423;406;1.88;29;18;119;34649;0;183;243;Defensa central
Frank Verlaat;52;1090;8;15682972;627;1.60;62;7;111;54514;0;137;185;Defensa central
Paul Agostino;44;313;1;26273693;271;1.16;63;9;27;15669;0.4090909090909091;216;121;Delantero centro
Daniel Borimirov;50;358;7;30673067;280;1.30;41;25;69;17912;0;247;213;Mediocentro
Harald Cerny;46;666;10;31603940;416;1.48;50;44;46;33345;0;308;254;Interior derecho
Christian Frohlich;42;718;3;42245763;484;1.49;83;29;167;35927;0;115;112;Mediocentro ofensivo
Thomas Ha�ler;53;1112;9;21398942;682;1.53;109;95;48;55622;0;183;400;Mediocentro ofensivo
Marco Kurz;50;519;5;8372251;351;1.33;6;4;113;25968;0;148;298;Defensa central
Marcus Purk;45;394;1;15951157;305;1.80;45;5;34;19718;0;125;166;Delantero centro
Markus Schroth;45;461;8;26104230;343;1.38;70;42;37;23070;0;169;300;Delantero centro
Martin Stranzl;39;796;4;42502299;479;1.61;23;17;132;39836;0;145;258;Defensa central
Roman Tyce;42;376;1;46859552;256;1.39;15;26;109;18842;0;157;110;Pivote
Bernhard Winkler;53;402;4;42721589;266;1.36;100;19;76;20131;0.6582278481012658;219;190;Delantero centro
Danny Fuchs;44;458;9;32351047;318;1.35;63;15;109;22915;0;121;143;Interior izquierdo
Thomas Motzke;51;306;5;19229313;186;1.62;28;-;53;15315;0;72;71;Mediocentro
Stefan Zinnow;39;534;6;29007805;358;1.38;56;42;32;26716;0;74;126;Interior derecho
Timo Schultz;42;512;1;27348612;397;1.65;47;9;129;25643;0;138;259;Mediocentro
Marcelo Bordon;44;698;8;8131350;402;1.74;32;18;132;34948;0;231;297;Defensa central
Kristijan Djordjevic;44;161;4;42855316;147;1.35;12;7;40;8070;0;90;76;Interior derecho
Ionel Ganea;46;298;1;34311208;241;1.54;80;16;91;14941;0;138;107;Delantero centro
Heiko Gerber;47;684;4;38274188;455;1.44;26;28;120;34223;0;174;199;Lateral izquierdo
Aleksandr Hleb;38;868;8;30722042;639;1.65;49;103;57;43420;0;221;168;Mediocentro ofensivo
Nicolas Baeza;22;79;5;33073658;49;1.22;2;2;9;3979;0;41;48;Lateral izquierdo
Enzo Ruiz;31;173;2;31181005;109;1.44;7;9;24;8650;0;26;24;Pivote
Krisztian Lisztes;43;524;6;31657005;408;1.47;43;49;74;26200;0;146;206;Mediocentro ofensivo
Jorn Schmiedel;41;196;1;14858200;170;1.40;21;1;36;9814;0;77;128;Medio campo
Thomas Schneider;47;263;5;19725430;189;1.60;12;2;73;13186;0;179;141;Defensa central
Zvonimir Soldo;52;690;10;8587479;401;1.66;20;22;108;34524;0;399;301;Pivote
Yildiray Basturk;41;543;7;43829596;366;1.55;50;52;94;27176;0;115;249;Mediocentro ofensivo
Michael Bemben;44;565;3;48263824;380;1.64;15;27;88;28268;0;137;102;Lateral derecho
Zdravko Drincic;47;64;9;46671908;58;0.95;7;5;22;3231;0;40;32;Delantero
Frank Fahrenhorst;42;639;6;41440965;392;1.46;34;8;73;31980;0;150;216;Defensa central
Paul Freier;40;669;2;15499728;480;1.35;58;74;111;33499;0;289;249;Interior derecho
Martin Meichelbeck;43;325;7;38264850;227;1.57;24;4;52;16253;0;141;89;Defensa central
Rene Muller;45;293;4;32537579;251;1.37;61;9;70;14655;0;87;135;Delantero centro
Peter Peschel;48;454;5;44867874;330;1.50;77;26;59;22730;0;270;154;Interior derecho
Thomas Reis;46;421;2;38509957;274;1.54;28;11;43;21078;0;199;128;Lateral izquierdo
Hilko Ristau;46;483;7;44149582;301;1.45;25;1;33;24195;0;95;132;Defensa central
Sebastian Schindzielorz;41;547;3;5587416;346;1.56;16;14;90;27382;0;147;111;Pivote
Axel Sundermann;52;664;7;18172988;400;1.36;17;4;87;33211;0;201;168;Defensa central
Matthias Plump;41;263;1;27396948;179;1.70;5;-;21;13170;0;59;73;Defensa central
Charles Akonnor;46;641;5;21260044;412;1.34;64;13;60;32075;0;158;198;Mediocentro
Jonathan Akpoborie;51;550;7;46292250;371;1.49;158;21;71;27530;0;80;144;Delantero centro
Marino Biliskov;44;588;9;13692633;354;1.38;16;6;110;29428;0;133;157;Defensa central
Detlev Dammeier;51;887;3;49650978;571;1.47;41;36;119;44396;0;247;275;Pivote
Markus Feldhoff;45;375;2;11797993;313;1.38;89;13;49;18785;0;111;158;Delantero centro
Frank Greiner;53;652;9;44874538;422;1.54;24;39;110;32635;0;209;330;Interior derecho
Marcel Maltritz;41;855;6;26307878;515;1.35;36;10;115;42766;0;328;258;Defensa central
Tomislav Maric;47;421;2;37700197;335;1.37;117;14;50;21076;0;113;135;Delantero centro
Sven Muller;40;478;8;22725775;351;1.39;16;31;78;23905;0;71;120;Interior derecho
Dorinel Munteanu;51;553;4;45316407;356;1.43;38;53;51;27686;0;138;198;Mediocentro
Vitus Nagorny;41;369;2;39730497;273;1.27;68;6;38;18493;0;63;191;Delantero centro
Martin Petrov;41;644;7;48911667;458;1.40;92;78;59;32204;0;133;119;Extremo izquierdo
Jurgen Rische;49;783;9;38483509;586;1.44;138;24;56;39158;0;228;218;Delantero centro
Zoltan Sebescen;44;254;10;10951292;188;1.65;24;13;39;12739;0;76;72;Lateral derecho
Benjamin Siegert;38;810;4;30193736;533;1.62;49;44;71;40545;0;137;157;Interior derecho
Martin Wagner;52;563;3;5249506;353;1.60;60;57;94;28150;0;242;271;Interior izquierdo
Patrick Weiser;48;560;6;48742890;354;1.35;10;25;30;28019;0;184;270;Lateral izquierdo
Andrew Sinkala;40;441;3;5704765;286;1.46;20;8;129;22059;0;93;142;Defensa central
Massimo Cannizzaro;39;327;9;32302198;243;1.29;77;15;43;16374;0.45;53;99;Delantero centro
Faruk Hujdurovic;49;572;8;39797364;345;1.43;24;5;165;28619;0;93;104;Defensa central
Dong-gook Lee;41;609;3;42867779;474;1.85;206;39;44;30476;0;432;289;Delantero centro
Enrico Kern;41;478;2;29388815;343;1.27;108;15;52;23904;0;141;189;Delantero centro
Ivan Klasnic;40;518;10;30515505;450;1.61;150;63;63;25930;0;205;154;Delantero centro
Arne Friedrich;40;724;8;42683218;413;1.50;18;25;119;36244;0;288;246;Defensa central
Bastian Reinhardt;44;708;7;37410935;436;1.53;28;9;74;35431;0;180;166;Defensa central
Nenad Bjelica;48;410;2;9319130;291;1.32;55;26;103;20531;0;70;88;Mediocentro
Jose Dominguez;46;119;3;8726363;124;1.19;9;8;15;5982;0;64;56;Extremo izquierdo
Milan Fukal;44;526;4;30455464;321;1.26;23;17;74;26311;0;93;108;Defensa central
Erik Meijer;50;685;9;24153350;475;1.54;126;54;121;34267;0;106;174;Delantero centro
Everson;44;347;10;32341643;219;1.50;38;11;109;17392;0;70;61;Pivote
Mamadou Diabang;41;290;1;7993205;277;1.42;55;22;31;14546;0;66;100;Delantero centro
Thomas Christiansen;47;298;4;38082032;259;1.23;73;16;35;14927;0;79;101;Delantero centro
Achim Weber;51;521;6;36980777;324;1.64;157;10;99;26095;0.35294117647058826;124;122;Delantero centro
Francisco Copado;45;632;3;48762742;394;1.62;147;55;68;31610;0;131;160;Mediapunta
Pawel Kryszalowicz;45;346;3;37037955;240;1.44;84;28;45;17322;0;118;125;Delantero centro
Karel Rada;49;436;8;18802092;245;1.47;8;5;69;21820;0;122;136;Defensa central
Andre Trulsen;54;1038;3;31393608;602;1.33;42;8;113;51940;0;409;209;Defensa central
Markus Lotter;49;411;3;16775314;243;1.61;38;3;33;20582;0;149;114;Interior derecho
Henning Burger;50;643;1;35065253;420;1.41;16;22;149;32153;0;129;177;Interior izquierdo
Fabian Gerber;40;381;4;36712067;308;1.26;39;27;26;19089;0;120;111;Interior derecho
Zlatan Bajramovic;40;377;8;39712501;293;1.53;47;14;116;18875;0;91;145;Pivote
Deniz Baris;42;624;7;43696855;421;1.67;28;16;66;31238;0;155;233;Defensa central
Marcel Rath;44;382;1;29012069;306;1.34;69;11;112;19106;0.21052631578947367;61;151;Delantero centro
Nico Patschinski;43;755;3;36092127;511;1.55;173;48;49;37776;0;140;153;Delantero centro
Bernd Hobsch;51;543;4;11855166;373;1.54;133;25;102;27198;0.5285714285714286;151;150;Delantero centro
Tomasz Kos;46;605;10;27506148;352;1.38;5;8;122;30291;0;205;192;Defensa central
David Bergner;46;456;3;31022062;299;1.65;24;4;97;22836;0;176;136;Libero
Sven Gunther;46;457;3;43705672;329;1.40;13;9;65;22881;0;132;246;Pivote
David Jarolim;40;904;2;32664657;543;1.54;36;79;216;45236;0;344;318;Pivote
Stefan Leitl;42;703;1;13858705;472;1.45;81;44;111;35163;0;190;191;Mediocentro ofensivo
Martin Driller;50;559;6;49079743;399;1.46;124;24;81;27971;0;162;145;Delantero centro
Armin Storzenhofecker;55;435;9;33414002;282;1.57;8;5;52;21778;0;181;150;Pivote
Michael Klinkert;51;637;3;38514305;385;1.29;33;5;79;31893;0;313;300;Defensa central
Bernd Korzynietz;40;499;6;37194133;339;1.38;12;21;59;24959;0;164;169;Lateral derecho
Marcelo Pletsch;43;464;5;14681061;279;1.46;12;3;65;23238;0;150;110;Defensa central
Quido Lanzaat;40;374;2;49882138;228;1.59;9;4;57;18707;0;57;95;Defensa central
Rene Klingbeil;39;815;9;43948458;498;1.53;15;9;83;40799;0;232;149;Defensa central
Igor Demo;44;284;3;43439199;209;1.55;33;11;33;14241;0;153;86;Mediocentro
Benjamin Schu�ler;38;507;6;26664270;371;1.48;49;31;82;25379;0;127;140;Extremo derecho
Daniel Jungwirth;38;372;1;35175449;289;1.42;35;17;51;18606;0;65;70;Mediocentro
Peter Van Houdt;43;499;9;32020243;361;1.43;85;34;49;24980;0;138;122;Delantero centro
Mounir Boukadida;52;114;2;30952986;67;1.24;-;-;20;5723;0;67;64;indeterminado
Fatmir Vata;48;367;4;5245425;249;1.34;41;29;60;18359;0;140;131;Mediocentro ofensivo
Hanno Balitsch;39;772;2;19454297;506;1.45;30;23;122;38603;0;162;343;Pivote
Hajrudin Catic;45;481;7;14009937;346;1.39;50;22;45;24092;0;94;177;Interior izquierdo
Selim Teber;39;424;8;34541790;359;1.50;45;30;88;21246;0;84;89;Mediocentro
Christoph Preu�;38;301;2;13250297;209;1.29;15;12;44;15080;0;141;131;Pivote
Sven Vermant;47;633;6;22575774;430;1.80;65;60;56;31654;0;290;224;Mediocentro
Thorben Marx;38;523;1;49270512;370;1.64;30;24;67;26150;0;113;255;Pivote
Didier Dheedene;48;594;2;17751897;378;1.75;33;17;83;29700;0;127;203;Lateral izquierdo
Mirko Reichel;49;714;9;19781891;452;1.62;73;16;137;35725;0;207;278;Pivote
Daniel Felgenhauer;43;669;6;9757029;421;1.47;48;19;83;33489;0;223;271;Lateral derecho
Ralph Hasenhuttl;52;624;1;13222969;512;1.60;135;7;82;31248;0;173;261;Delantero centro
Jurgen Luginger;52;896;6;5228894;527;1.43;22;6;134;44829;0;202;370;Interior derecho
Karsten Baumann;50;700;7;47563169;425;1.36;17;10;108;35006;0;247;261;Defensa central
Chiquinho;46;324;9;36546797;258;1.32;30;34;40;16223;0;66;115;Delantero centro
Angelo Vier;48;441;7;23544446;310;1.49;108;4;44;22065;0.26666666666666666;74;156;Delantero centro
Fabrizio Hayer;50;627;3;45768081;434;1.34;62;17;79;31368;0;182;333;Mediocentro ofensivo
Thorsten Judt;48;615;3;9135433;413;1.38;32;42;115;30784;0;165;251;Interior izquierdo
Lars Toborg;44;468;7;32625091;347;1.35;108;16;30;23404;0;115;137;Delantero centro
Jens Langeneke;43;746;1;21953664;464;1.47;47;3;113;37322;0;216;236;Defensa central
Marco Rose;43;432;6;11835082;282;1.52;12;7;77;21642;0;158;119;Lateral izquierdo
Mirko Baschetti;48;413;4;6037084;246;1.68;2;-;40;20666;0;193;121;Defensa
Fahed Dermech;53;364;3;21603296;224;1.89;31;-;131;18210;0;65;108;Defensa
Altin Lala;44;582;9;9646599;383;1.54;18;14;138;29128;0;320;181;Pivote
Jan Simak;41;488;1;27459083;353;1.56;79;42;74;24440;0;70;85;Mediocentro ofensivo
Nebojsa Krupnikovic;46;530;9;39314408;348;1.43;66;34;79;26532;0;127;104;Mediocentro ofensivo
Daniel Stendel;46;645;5;35770955;440;1.44;110;13;34;32282;0;199;160;Extremo derecho
Rudiger Ziehl;42;494;5;14676912;322;1.54;15;4;55;24749;0;136;127;Pivote
Bart Goor;47;1051;2;37023211;652;1.67;128;78;92;52555;0;300;334;Interior izquierdo
Christian Ziege;48;631;2;28561578;405;1.67;69;51;99;31588;0;227;198;Interior izquierdo
Dietmar Hamann;46;830;1;5388423;564;1.78;37;20;130;41545;0;283;268;Pivote
Sascha Hildmann;48;454;4;29558160;290;1.47;15;-;66;22720;0;143;124;Defensa
Daniel Rosin;39;328;5;10507686;235;1.60;19;6;74;16416;0;78;88;Pivote
Ugur Inceman;38;727;1;19882308;485;1.33;33;29;127;36396;0;132;262;Mediocentro
Olivier Caillas;42;683;4;34096590;498;1.56;43;37;203;34187;0;120;183;Interior izquierdo
Thierry Bayock;40;192;1;31966883;157;0.96;17;1;28;9643;0;66;67;Extremo derecho
Jurgen Kramny;48;599;7;23467861;412;1.54;47;29;62;29965;0;229;221;Interior derecho
Mitja Schafer;40;614;5;45317065;369;1.52;16;3;29;30741;0;148;85;Defensa central
Marcelinho Paraiba;44;811;4;40064063;495;1.41;154;102;110;40560;0;193;205;Mediocentro ofensivo
Dirk Schuster;52;1004;1;7928079;580;1.51;36;7;161;50232;0;212;200;Defensa central
Marc Arnold;49;381;9;17256209;269;1.54;47;13;50;19078;0;71;147;Mediocentro ofensivo
Marcus Feinbier;50;840;1;22062219;538;1.44;193;28;127;42024;0;90;274;Delantero centro
Michael Zepek;39;387;3;19555743;243;1.49;10;1;70;19379;0;63;140;Defensa central
Karsten Hutwelker;48;694;2;17202029;467;1.43;88;24;116;34712;0;83;184;Interior izquierdo
Sascha Horster;48;399;2;26977418;236;1.31;5;-;39;19977;0;74;94;Pivote
Andreas Haas;38;527;2;24267065;330;1.54;166;12;21;26376;0.6756756756756757;108;144;Delantero centro
Joachim Cast;52;441;1;16890800;271;1.71;17;1;74;22069;0.42857142857142855;173;245;Defensa central
Torsten Chmielewski;52;386;8;36304403;251;1.45;4;2;54;19337;0;85;101;Lateral izquierdo
Soren Dre�ler;44;407;10;26951395;245;1.62;10;5;29;20386;0;139;89;Defensa central
Jan Hoffmann;40;412;6;28862838;318;1.45;57;13;59;20613;0;149;117;Medio campo
Milan Kerbr;52;123;6;10158373;97;1.68;24;4;34;6159;0;43;46;Delantero centro
Nico Frommer;42;357;5;31940964;339;1.39;85;14;60;17854;0;78;169;Delantero centro
Philipp Bonig;40;547;2;29077374;349;1.39;6;10;49;27375;0;184;140;Lateral izquierdo
Mirko Stark;46;300;3;36609354;188;1.54;24;-;57;15040;0;103;86;Defensa central
Darlington Omodiagbe;41;579;9;21718327;365;1.25;21;6;87;28984;0;161;212;Defensa central
Marius Ebbers;42;740;9;10940723;512;1.50;217;63;59;37000;0;143;273;Delantero centro
Hakan Yakin;43;746;6;23355563;516;1.68;175;88;126;37329;0;175;391;Mediocentro ofensivo
Aleksander Knavs;44;443;9;6496139;269;1.59;11;3;62;22194;0.07777777777777778;128;143;Defensa central
Peter Neustadter;54;620;3;44998854;355;1.41;9;4;49;31015;0;255;256;Defensa central
Sandro Schwarz;41;317;1;18701901;237;1.54;5;13;74;15896;0;107;168;Pivote
Thomas Ziemer;50;377;1;28919007;282;1.42;60;4;35;18896;0;104;183;Mediocentro ofensivo
Abderrahim Ouakili;49;443;5;31312994;287;1.36;68;25;96;22176;0;121;183;Mediocentro ofensivo
Markus Schuler;42;537;8;9820078;356;1.19;3;18;77;26884;0;221;182;Lateral izquierdo
Manuel Friedrich;40;765;10;11584112;452;1.60;39;19;56;38284;0.13649851632047477;196;258;Defensa central
Andriy Voronin;40;578;4;15703003;427;1.53;132;66;90;28926;0;119;155;Mediapunta
Blaise Nkufo;44;716;4;34264706;435;1.74;194;55;66;35820;0.6470588235294118;261;223;Delantero centro
Michael Thurk;43;629;5;22440683;455;1.59;149;60;103;31484;0;202;251;Delantero centro
Albert Streit;40;530;5;28115295;353;1.49;45;54;130;26522;0;107;118;Extremo derecho
Julian de Guzman;39;645;1;26443208;426;1.22;13;19;178;32297;0;112;97;Pivote
Antoine Hey;49;428;6;13927804;278;1.14;30;8;27;21404;0;99;154;Interior derecho
Wolfgang Schutte;46;640;9;8436830;422;1.63;27;1;162;32027;0;302;297;Medio campo
Emanuel Pogatetz;37;876;7;42014091;533;1.56;14;14;139;43829;0;156;116;Defensa central
Peer Kluge;39;585;1;45528940;386;1.35;27;37;65;29268;0;147;220;Pivote
Alexander Ukrow;49;532;9;41038410;356;1.59;59;-;71;26644;0;149;173;Defensa
Dennis Weiland;45;335;3;9234281;242;1.57;16;20;62;16789;0;97;115;Interior izquierdo
Ansgar Brinkmann;50;722;6;22886801;519;1.40;64;22;99;36140;0;128;316;Interior derecho
Guido Spork;45;575;7;18615344;352;1.66;57;12;147;28750;0;132;205;Pivote
Christian Claa�en;50;711;4;15948324;495;1.51;158;5;67;35560;0;193;188;Delantero
Michael Petri;42;435;3;34118104;334;1.47;102;24;26;21791;0;117;119;Delantero centro
Thomas Kleine;42;693;5;28319963;430;1.54;27;5;59;34654;0;255;222;Defensa central
Markus Munch;47;578;5;42347072;363;1.68;28;28;80;28913;0;72;164;Lateral izquierdo
Matthias Lehmann;36;899;7;25599695;551;1.52;55;37;111;44955;0;188;256;Pivote
Adnan Kevric;49;500;4;14703474;318;1.45;60;21;151;25005;0;220;208;Mediocentro ofensivo
Michael Wenczel;42;435;3;43399856;277;1.54;36;2;51;21781;0;125;193;Defensa central
Nikolce Noveski;41;928;4;20911604;528;1.55;40;6;137;46441;0.055900621118012424;348;256;Defensa central
Murat Jasarevic;51;287;5;40354675;191;1.32;3;1;67;14384;0;53;59;Defensa
Niclas Weiland;47;404;1;6434249;324;1.47;42;20;76;20230;0;123;184;Extremo derecho
Jan Koller;47;830;7;33708726;500;1.60;206;64;81;41543;0;184;162;Delantero centro
Sven Christ;46;691;2;38023165;412;1.40;4;5;105;34587;0;246;295;Defensa central
Silvio Schroter;40;367;8;30618247;256;1.32;23;8;35;18382;0;100;116;Interior derecho
Eric Noll;44;402;3;33375109;264;1.69;16;3;79;20112;0;94;106;Lateral derecho
Jens Scharping;45;407;9;36337339;306;1.34;88;20;31;20389;0;133;145;Delantero centro
Ivan Kozak;49;283;1;25348521;178;1.02;1;1;44;14182;0;64;79;Defensa
Jens Tschiedel;51;331;6;46799409;202;1.60;18;2;141;16550;0;102;79;Defensa central
Aidas Preiksaitis;49;264;8;37404957;188;1.22;17;3;14;13206;0;45;57;Medio campo
Cristian Fiel;40;604;1;30549608;423;1.44;34;52;92;30227;0;199;288;Mediocentro
Slawomir Chalaskiewicz;56;505;8;18684241;351;1.43;70;22;75;25256;0;143;133;Delantero centro
Everaldo;45;267;7;21654320;163;1.24;6;2;65;13364;0;48;48;Defensa central
Danko Boskovic;38;597;8;13154418;409;1.52;111;16;64;29893;0;115;116;Pivote
Stefan Meissner;47;470;9;26767734;357;1.36;69;6;120;23530;0;123;165;Delantero centro
Thomas Ritter;52;541;9;49806712;331;1.44;10;4;64;27081;0;106;175;Defensa central
Ahmed Madouni;39;388;8;44049187;275;1.60;12;6;57;19449;0;82;86;Defensa central
Marcin Mieciel;44;598;10;42932252;405;1.53;109;21;65;29937;0;142;146;Delantero centro
Lincoln;41;541;3;19552994;370;1.63;79;95;114;27071;0;117;136;Mediocentro ofensivo
Miroslav Karhan;43;753;1;7261111;467;1.47;35;54;74;37682;0;198;216;Mediocentro
Marcio Amoroso;45;396;5;33792577;305;1.62;114;18;57;19815;0;105;129;Delantero centro
Thomas Stehle;39;466;7;36790948;316;1.51;25;5;168;23309;0;144;127;Defensa central
Catalin Racanel;43;547;1;29441709;372;1.35;34;43;70;27358;0;139;100;Interior izquierdo
Florian Kringe;37;556;5;34977924;378;1.45;50;28;30;27816;0;171;192;Mediocentro
Radoslaw Kaluzny;46;306;4;6991830;196;1.42;26;5;50;15343;0;59;83;Pivote
Clemens Fritz;39;898;6;33925016;559;1.47;35;41;132;44914;0;363;331;Mediocentro
Marco Engelhardt;39;883;4;25140442;542;1.34;47;39;177;44158;0;155;152;Pivote
Anibal Matellan;42;503;3;33546659;298;1.21;12;3;147;25154;0;103;53;Defensa central
Cenk Isler;46;524;7;42037588;373;1.21;122;20;113;26206;0;125;297;Delantero centro
Stefan Ertl;51;331;7;47678273;235;1.46;60;1;26;16579;0;88;78;Delantero centro
Andreas Backmann;43;805;8;32472281;477;1.69;33;4;52;40283;0;98;142;Defensa central
Daniel Graf;42;406;9;26356118;269;1.42;81;12;51;20346;0;90;112;Mediocentro ofensivo
Carsten Klee;49;603;1;8842095;401;1.44;110;5;74;30156;0;163;159;Delantero centro
Jermaine Jones;38;640;5;29017441;425;1.63;44;42;257;32032;0;185;165;Pivote
Martin Amedick;37;494;7;20256074;296;1.57;18;11;22;24700;0;115;102;Defensa central
Alou Diarra;38;827;4;34060883;525;1.52;33;13;195;41373;0;164;339;Pivote
Fabio Morena;40;641;2;25683145;378;1.49;8;6;105;32064;0;246;128;Defensa central
Kevin Kuranyi;38;854;10;24075967;543;1.69;210;92;101;42710;0;209;275;Delantero centro
Steven Cherundolo;41;703;6;19124062;417;1.44;8;22;113;35195;0;415;302;Lateral derecho
Babacar N Diaye;46;440;1;40663821;368;1.48;116;18;47;22015;0;63;173;Delantero centro
Florian Galuschka;37;189;2;30431656;181;1.23;31;15;8;9471;0;90;112;Extremo derecho
Mujdat Karagoz;43;226;7;40075220;156;1.40;17;-;73;11314;0;57;66;Interior izquierdo
Reiner Pla�henrich;43;476;7;13868427;294;1.49;27;9;58;23829;0;117;138;Pivote
Alexander Maul;43;741;5;28384518;437;1.60;62;2;139;37094;0;204;106;Defensa central
Guy Demel;38;597;3;40249029;394;1.66;16;23;95;29851;0;200;164;Lateral derecho
Roda Antar;39;633;2;21886237;396;1.50;93;20;59;31661;0;119;160;Pivote
Maik Franz;38;505;7;34651126;310;1.47;20;4;137;25286;0;102;192;Defensa central
Collin Benjamin;41;369;2;40722633;268;1.74;26;9;59;18473;0;191;146;Pivote
Erhan Albayrak;43;530;9;26782172;358;1.39;52;16;123;26522;0;90;245;Interior izquierdo
Ermin Melunovic;46;495;8;21492990;367;1.43;105;9;81;24759;0.29545454545454547;156;140;Delantero centro
Zeno Bundea;42;317;8;19438793;224;1.20;16;10;42;15862;0;46;71;Mediocentro ofensivo
Ewerthon;38;472;10;8417541;359;1.45;124;26;35;23613;0;154;130;Delantero centro
Michael Owen;40;675;2;38516534;482;1.69;222;24;13;33769;0;297;326;Delantero centro
Marc Zellweger;46;1022;3;14394401;590;1.37;39;14;113;51145;0;492;424;Lateral derecho
Veselin Popovic;44;311;9;33723765;221;1.34;78;3;55;15576;0.5;80;109;Delantero centro
Davor Suker;52;490;2;30976648;356;1.61;152;12;112;24529;0;162;239;Delantero centro
Rafal Grzelak;37;608;1;14911002;430;1.38;40;51;80;30441;0;100;153;Mediocentro ofensivo
Karlheinz Pflipsen;49;540;10;8492090;351;1.53;71;41;39;27013;0;221;196;Mediocentro ofensivo
Jens Dowe;51;767;4;16809980;485;1.35;60;12;57;38370;0;215;143;Interior izquierdo
Rigobert Song;43;856;2;11680533;504;1.72;18;6;108;42808;0;144;183;Defensa central
Diego Klimowicz;45;444;7;49595823;337;1.24;110;28;99;22248;0;169;214;Delantero centro
Cacau;39;603;1;36901725;446;1.48;136;51;104;30152;0;346;307;Delantero centro
Ludovic Magnin;41;558;6;48162287;365;1.65;10;35;87;27918;0;135;149;Lateral izquierdo
Mike Hanke;36;446;7;25106874;393;1.43;105;34;31;22313;0;95;284;Delantero centro
Fabian Lamotte;37;731;2;44162859;438;1.65;29;11;63;36551;0;201;170;Lateral derecho
Bernardo Romeo;42;294;5;19302301;240;1.34;76;11;32;14701;0.576271186440678;88;77;Delantero centro
Fernando Meira;41;609;8;39811539;355;1.68;15;14;101;30452;0;230;173;Defensa central
Gustav Policella;44;391;9;19150796;329;1.40;106;7;94;19569;0;76;140;Delantero centro
Uwe Rosler;51;510;3;20722833;353;1.34;100;10;112;25511;0.38461538461538464;81;102;Delantero centro
Christian Poulsen;40;693;7;36129994;472;1.82;13;24;137;34694;0;162;111;Pivote
Tamandani Nsaliwa;38;551;6;8400147;352;1.40;13;11;77;27581;0;111;104;Pivote
Dejan Raickovic;52;655;9;13332091;383;1.73;20;1;190;32797;0;148;208;Libero
Lilian Laslandes;48;768;10;25407746;515;1.62;145;23;66;38429;0;235;399;Delantero centro
Stefan Lorenz;38;503;4;22065188;292;1.62;12;4;89;25179;0;151;116;Defensa central
Goran �ukalo;38;566;3;35191273;369;1.47;56;21;117;28346;0;99;302;Pivote
Ervin Skela;43;686;1;25720924;464;1.33;80;47;55;34346;0;99;168;Mediocentro ofensivo
Gaetano Manno;37;663;9;17762603;448;1.58;112;68;92;33150;0;163;107;Mediapunta
Perica Ognjenovic;43;154;10;32793049;122;1.30;13;14;11;7741;0;45;43;Extremo derecho
Marc Van Hintum;52;681;10;42972847;393;1.51;29;17;76;34066;0;143;354;Lateral izquierdo
Gabriel Urdaneta;44;416;2;12121264;267;1.54;34;24;86;20802;0;82;50;Mediocentro ofensivo
Dirk Fengler;50;513;5;17206965;342;1.50;21;1;124;25681;0;127;163;Interior derecho
Heiko Butscher;39;648;2;43288827;405;1.46;53;17;28;32409;0;134;115;Defensa central
Uwe Wassmer;54;464;4;41305074;335;1.42;84;12;23;23246;0;144;106;Delantero centro
Fran�a;44;263;9;36888315;220;1.45;66;26;14;13196;0;113;71;Delantero centro
Angelos Charisteas;40;468;3;7668925;395;1.46;93;36;43;23446;0;100;126;Delantero centro
Gerhard Poschner;50;632;2;19246087;431;1.58;27;55;103;31649;0;218;290;Pivote
Matthias Dworschak;46;600;10;27209047;361;1.61;29;4;52;30020;0;183;196;Pivote
Daniel Gohlert;39;552;2;11769247;346;1.34;7;2;101;27641;0;176;213;Defensa central
Dietmar Beiersdorfer;56;571;6;20535359;338;1.55;26;10;91;28597;0;211;254;Defensa central
Wesley Sonck;41;623;8;42385661;452;1.48;174;49;71;31197;0;117;312;Delantero centro
Uwe Weidemann;56;546;8;42460461;381;1.38;56;14;60;27347;0;100;102;Mediocentro ofensivo
Jan Heintze;56;1124;1;21817464;658;1.95;13;40;61;56203;0;492;379;Lateral izquierdo
Marcus Marin;53;659;1;45218987;436;1.45;147;29;79;32989;0.5;105;168;Delantero centro
Steffen Karl;50;547;3;36721064;346;1.41;19;12;70;27389;0;96;99;Pivote
Radoslaw Gilewicz;48;614;9;14531898;469;1.58;160;17;97;30705;0;124;241;Delantero centro
Richard Kitzbichler;46;650;5;49553866;431;1.54;75;15;86;32522;0;197;279;Interior derecho
Jiri Stajner;43;636;5;11427311;437;1.51;112;62;65;31801;0;243;229;Mediapunta
Oliver Schroder;39;644;3;5975028;436;1.44;14;11;44;32249;0;119;155;Pivote
Uwe Mohrle;40;898;4;16761456;513;1.42;32;10;126;44914;0;160;201;Defensa central
Alexander Meier;37;703;6;12751025;458;1.34;152;57;46;35177;0;379;276;Mediapunta
Stefan Reisinger;38;486;2;12740835;406;1.32;136;37;49;24332;0;111;209;Delantero centro
Gledson;40;409;4;20935999;238;1.24;12;4;58;20472;0.04878048780487805;82;199;Defensa central
Andreas Wolf;37;563;5;49778902;334;1.45;14;7;164;28160;0;243;190;Defensa central
Thomas Hitzlsperger;38;469;8;7605768;325;1.57;46;29;49;23492;0;172;131;Mediocentro
Mohamadou Idrissou;40;658;9;26856427;414;1.53;140;67;144;32948;0;79;164;Delantero centro
Zsolt Low;41;336;8;43486655;207;1.43;7;10;72;16819;0;84;100;Lateral izquierdo
Benjamin Lense;41;311;5;48810108;195;1.29;11;2;39;15597;0;65;64;Lateral derecho
Juan Fernandez;40;207;10;15290721;139;1.25;5;5;47;10385;0;33;46;Lateral derecho
Christian Schulz;37;893;8;13961757;560;1.54;34;15;143;44677;0;285;358;Defensa central
Mario Eggimann;39;648;2;47896390;394;1.42;25;9;60;32431;0;188;160;Defensa central
Mourad Bounoua;47;631;3;21870360;430;1.22;63;5;29;31581;0;109;143;Mediocentro ofensivo
Bruno Berner;42;452;8;19700009;314;1.71;14;11;40;22640;0;93;92;Lateral izquierdo
Michael Anicic;45;425;7;16939152;305;1.65;73;3;60;21259;0;74;105;Mediocentro ofensivo
Oliver Freund;50;712;6;19141606;449;1.57;36;13;126;35600;0;155;126;Interior izquierdo
Raymond Kalla;45;455;9;37291832;267;1.24;12;1;77;22790;0.07017543859649122;88;77;Defensa central
Sebastian Bonig;38;315;7;39173964;215;1.55;13;6;55;15779;0;115;72;Pivote
Tim Gorschluter;36;536;4;31485274;370;1.73;24;15;124;26805;0;198;85;Pivote
Juan;41;749;9;28941498;446;1.67;35;15;100;37454;0;176;139;Defensa central
Morten Rasmussen;35;365;9;13484579;233;1.49;11;5;49;18288;0;159;145;Defensa central
Rade Prica;39;619;7;27361017;457;1.65;160;62;156;30961;0;141;104;Delantero centro
Atilla Birlik;42;278;7;40604529;218;1.49;43;7;56;13919;0;68;116;Delantero centro
Frank Edmond;53;726;1;28121223;433;1.51;33;1;60;36315;0;371;148;Defensa central
Adama Niang;45;330;6;46446365;212;1.42;-;-;102;16540;0;117;74;Lateral izquierdo
Mirko Burgdorf;41;324;6;33340416;199;1.59;22;-;7;16223;0;144;80;Pivote
Lars Fuchs;37;533;9;42027778;400;1.59;113;54;90;26691;0;133;85;Delantero centro
Bjorn Arens;47;353;5;7999332;215;1.65;2;1;29;17676;0;138;95;Lateral izquierdo
Daniel Barwolf;46;660;4;26808478;463;1.66;196;5;178;33018;0.3333333333333333;247;190;Delantero centro
Mirnel Sadovic;35;359;8;28381595;270;1.40;67;29;27;17980;0;93;173;Delantero centro
Marcus Steegmann;39;592;6;31847419;465;1.58;116;33;68;29605;0;95;150;Delantero centro
Giovanni Federico;39;711;1;42662934;482;1.53;165;78;32;35574;0;133;161;Mediocentro ofensivo
Milorad Pekovic;42;559;4;11348755;375;1.40;21;22;189;27980;0;139;208;Pivote
Najeh Braham;42;290;10;27098348;208;1.54;81;8;56;14528;0;77;61;Delantero centro
Mehmet Dragusha;42;249;8;31436675;214;1.32;16;8;23;12468;0;64;64;Interior izquierdo
Matthias Keller;45;528;4;47667520;357;1.57;39;12;137;26427;0;166;113;Extremo derecho
Marcus Koster;47;529;6;10257347;325;1.20;8;-;35;26452;0;144;143;Interior derecho
Rudi Thommes;51;676;1;8637186;422;1.65;104;2;18;33830;0;216;201;Mediocentro ofensivo
Daniel Winkler;46;273;6;16804042;205;1.48;61;3;41;13688;0.6086956521739131;142;86;Delantero centro
David Odonkor;36;251;10;27408411;230;1.34;17;15;31;12577;0;90;75;Extremo derecho
Heiko Westermann;36;931;6;46182919;538;1.45;40;22;64;46557;0;173;318;Defensa central
Reinhold Breu;49;128;4;49566223;125;1.45;15;-;42;6421;0;53;48;Mediapunta
Youssef Mokhtari;41;626;1;41605148;424;1.32;93;67;94;31344;0;125;152;Mediocentro ofensivo
Andreas Gorlitz;38;419;6;19551861;268;1.43;11;9;71;20975;0;66;104;Lateral derecho
Marcel von Walsleben-Schied (Schied);36;746;10;40736657;573;1.68;225;66;80;37314;0;143;178;Mediapunta
Stefan Kuhne;39;727;6;37229561;481;1.64;82;18;71;36356;0;157;125;Pivote
Lars Wei�enfeldt;40;370;9;9916669;226;1.58;10;3;40;18507;0;68;99;Lateral derecho
Baldo Di Gregorio;36;443;10;46681392;268;1.21;23;7;77;22193;0;120;70;Defensa central
Martin Forkel;40;680;10;41996645;421;1.35;11;9;65;34019;0;166;164;Lateral derecho
Ronald Schmidt;43;658;2;43268596;458;1.45;50;39;179;32939;0;280;121;Pivote
Hamit Altintop;37;630;9;34847130;481;1.88;45;38;74;31532;0;160;192;Interior derecho
Sascha Amstatter;42;544;2;42635734;395;1.43;32;46;121;27203;0;231;229;Pivote
Erhan Aydin;39;130;10;45193962;132;1.45;28;1;40;6533;0;41;83;Delantero
Angelo Barletta;43;735;10;14988368;434;1.31;49;5;114;36792;0;115;144;Defensa central
Oliver Barth;40;647;5;15777489;399;1.42;14;5;98;32364;0;124;109;Defensa central
Barbaros Barut;37;433;9;12994364;312;1.51;21;9;125;21680;0;50;80;Pivote
Till Bettenstaedt;44;497;8;30859027;363;1.35;111;3;62;24862;0;219;177;Delantero centro
Rene Beuchel;46;471;6;16171727;323;1.36;19;2;119;23596;0;171;109;Pivote
Patrick Bick;43;566;3;24371321;373;1.69;47;8;132;28302;0;103;80;Pivote
Denis Bindnagel;40;840;8;23273187;515;1.58;39;17;61;42038;0;168;151;Defensa central
Frank Blaker;45;287;9;18040150;198;1.63;4;-;28;14379;0;133;51;Mediocentro
Fouad Brighache;37;436;7;28510066;259;1.42;4;4;27;21812;0;97;61;Lateral derecho
Fabian Brocker;37;372;6;19493849;235;1.46;66;25;66;18602;0;134;101;Mediocentro
Sandro Burki;34;705;10;23107365;449;1.42;33;41;65;35272;0;373;222;Pivote
Ahmet Cebe;36;637;2;28642377;475;1.47;58;37;143;31850;0;137;149;Lateral derecho
Nermin Celikovic;39;385;1;40942482;280;1.52;68;8;31;19280;0;148;137;Mediocentro ofensivo
Bruno Custos;43;281;2;10503060;187;1.25;6;11;44;14061;0;89;75;Interior derecho
Ant�nio da Silva;41;566;9;41609690;400;1.52;53;61;40;28344;0;110;168;Mediocentro ofensivo
Deniz Dogan;40;858;5;41067950;508;1.50;37;9;104;42927;0;213;161;Defensa central
Nils Doring;40;501;8;20248977;341;1.33;26;4;51;25064;0;84;120;Defensa central
Thomas Drescher;41;599;9;42311787;369;1.36;24;28;56;29960;0;76;105;Lateral izquierdo
Emerson;46;269;7;37511286;196;1.14;55;4;22;13463;0;64;60;Delantero centro
Ingo Feistle;38;599;10;29937265;349;1.85;6;6;44;29999;0;295;146;Lateral izquierdo
Dario Fossi;38;423;10;40441132;281;1.46;23;2;25;21170;0.08108108108108109;142;72;Defensa central
Sascha Gies;40;545;7;9851595;383;1.26;156;35;32;27292;0;284;163;Delantero centro
Roland Gisinger;48;316;6;30540478;228;1.04;16;2;36;15836;0.16;93;224;Interior derecho
Kristjan Glibo;38;423;10;29391718;267;1.40;13;3;75;21151;0;80;152;Defensa central
Andreas Golombek;51;670;6;46919982;448;1.41;77;5;86;33544;0;111;190;Mediocentro
Oliver Gorgiev;39;796;2;12456815;470;1.52;35;16;31;39839;0;140;178;Lateral derecho
Daniel Gunkel;39;435;1;24612864;306;1.37;44;20;63;21779;0;82;97;Pivote
Leonhard Haas;38;332;6;21392531;241;1.54;34;34;64;16647;0;94;113;Mediocentro
Nelson Valdez;36;562;9;47875758;493;1.62;122;41;96;28146;0;126;203;Delantero centro
Sebastian Hahnge;42;584;8;6793527;429;1.65;124;27;59;29200;0;240;136;Delantero centro
Ronny Hebestreit;45;626;3;42297849;442;1.55;115;14;81;31339;0;308;141;Medio campo
Matthias Heidrich;42;501;6;13120818;334;1.49;35;15;96;25058;0;151;154;Pivote
